{"cameraMode":{"drawMode":0,"name":"Shaded","section":"Shading Mode"},"sceneLighting":false,"audioPlay":false,"sceneViewState":{"showFog":true,"showMaterialUpdate":false,"showSkybox":false,"showFlares":true,"showImageEffects":true,"showParticleSystems":true},"in2DMode":false,"pivot":{"x":0.0012840032577514649,"y":0.01931464672088623,"z":-0.0229874849319458},"rotation":{"x":-0.1729975938796997,"y":0.8224202990531921,"z":-0.33230364322662356,"w":-0.42815101146698},"size":6.925493240356445,"orthographic":false}