{"cameraMode":{"drawMode":0,"name":"Shaded","section":"Shading Mode"},"sceneLighting":false,"audioPlay":false,"sceneViewState":{"showFog":true,"showMaterialUpdate":false,"showSkybox":false,"showFlares":true,"showImageEffects":true,"showParticleSystems":true},"in2DMode":false,"pivot":{"x":-0.006353139877319336,"y":-0.007884383201599121,"z":0.018908023834228517},"rotation":{"x":-0.16002920269966126,"y":0.7769476771354675,"z":-0.21879097819328309,"w":-0.5682582855224609},"size":21.031932830810548,"orthographic":false}