{"cameraMode":{"drawMode":0,"name":"Shaded","section":"Shading Mode"},"sceneLighting":false,"audioPlay":false,"sceneViewState":{"showFog":true,"showMaterialUpdate":false,"showSkybox":false,"showFlares":true,"showImageEffects":true,"showParticleSystems":true},"in2DMode":false,"pivot":{"x":-10.47705078125,"y":-39.963226318359378,"z":-11.762100219726563},"rotation":{"x":0.08855611830949784,"y":0.8814880847930908,"z":-0.1831866353750229,"w":0.42612963914871218},"size":457.1084289550781,"orthographic":false}