{"cameraMode":{"drawMode":0,"name":"Shaded","section":"Shading Mode"},"sceneLighting":false,"audioPlay":false,"sceneViewState":{"showFog":false,"showMaterialUpdate":false,"showSkybox":false,"showFlares":false,"showImageEffects":false,"showParticleSystems":false},"in2DMode":false,"pivot":{"x":5.474872589111328,"y":9.328097343444825,"z":-56.07587432861328},"rotation":{"x":0.18779638409614564,"y":-0.39773422479629519,"z":0.08352058380842209,"w":0.8942186832427979},"size":14.78429126739502,"orthographic":false}